{
    "keep": {
        "days": true,
        "amount": 14
    },
    "auditLog": "/Users/yarontorgeman/mandarin/server/logs/.5469d30098e4c28b672074e2bea70e6fb7e1c2aa-audit.json",
    "files": [
        {
            "date": 1743280246866,
            "name": "/Users/yarontorgeman/mandarin/server/logs/2025-03-29-error.log",
            "hash": "fd7e558c5e0bbb43d947e9913931420dd0b1929bd873ac78d7dcad4e8b1e80c1"
        },
        {
            "date": 1743283471124,
            "name": "/Users/yarontorgeman/mandarin/server/logs/2025-03-30-error.log",
            "hash": "6890cd65bda9c0f3ba90109c93b2bb9451f43bd4480f6b4894c7a99571ea8523"
        },
        {
            "date": 1743379955411,
            "name": "/Users/yarontorgeman/mandarin/server/logs/2025-03-31-error.log",
            "hash": "e327325301415124b449377d8d014dfb366fc29a743045c2c11be910e3953621"
        },
        {
            "date": 1743454856403,
            "name": "/Users/yarontorgeman/mandarin/server/logs/2025-04-01-error.log",
            "hash": "1ad9e72fce4d1cab174efee9d9356bd528da7be672a4876779a2bc5a8eb2f561"
        }
    ],
    "hashType": "sha256"
}