{
    "keep": {
        "days": true,
        "amount": 14
    },
    "auditLog": "/Users/yarontorgeman/mandarin/server/logs/.8dc3d28b6f388ff7cb42502fe6a6ef93dcb9cd2e-audit.json",
    "files": [
        {
            "date": 1743280246865,
            "name": "/Users/yarontorgeman/mandarin/server/logs/2025-03-29-server.log",
            "hash": "a80197073a6212ec6e153e30c04b08032a0d8a023a82a33dec3deea519d0cc3e"
        },
        {
            "date": 1743282000740,
            "name": "/Users/yarontorgeman/mandarin/server/logs/2025-03-30-server.log",
            "hash": "a60de51bc9480101d2e4c7d2ad24777c3822e045e4dc6433dbfb3b095a5bdc78"
        },
        {
            "date": 1743368442265,
            "name": "/Users/yarontorgeman/mandarin/server/logs/2025-03-31-server.log",
            "hash": "f1d7143a8833fd40878492455361a242c1dc0a66be06d37fd93ad674ccb8f645"
        },
        {
            "date": 1743454696108,
            "name": "/Users/yarontorgeman/mandarin/server/logs/2025-03-31-server.log.1",
            "hash": "b0d012b9b7376e73504838500e9fa85c75d2812ef83e2abe18834b0dad31c9f3"
        },
        {
            "date": 1743454800001,
            "name": "/Users/yarontorgeman/mandarin/server/logs/2025-04-01-server.log",
            "hash": "b3c6c5b58730b82b136ced9806742ff33c3513c4955f644055497ae7f48c289d"
        },
        {
            "date": 1743456698883,
            "name": "/Users/yarontorgeman/mandarin/server/logs/2025-04-01-server.log.1",
            "hash": "2d968f28576116fcdafd5e9cccd4021b24a376642ac1a35b6d14dfff55980b84"
        },
        {
            "date": 1743458824781,
            "name": "/Users/yarontorgeman/mandarin/server/logs/2025-04-01-server.log.2",
            "hash": "45995bc1abd668a1b407dab52f30425bdf7fa1dfc872d34faabb1668c3ff6b41"
        }
    ],
    "hashType": "sha256"
}